{
  "author": "AWS",
  "classifications": [
    "AWS",
    "Lambda",
    "Function"
  ],
  "name": "Lambda Function project configured for deployment using .NET 7's Native AOT feature.",
  "identity": "AWS.Lambda.Function.NativeAot.FSharp",
  "groupIdentity": "AWS.Lambda.Function.NativeAOT",
  "shortName": "lambda.NativeAOT",
  "tags": {
    "language": "F#",
    "type": "project"
  },
  "sourceName": "BlueprintBaseName.1",
  "preferNameDirectory": true,
  "symbols": {
    "profile": {
      "type": "parameter",
      "description": "The AWS credentials profile set in aws-lambda-tools-defaults.json and used as the default profile when interacting with AWS.",
      "datatype": "string",
      "replaces": "DefaultProfile",
      "defaultValue": ""
    },
    "region": {
      "type": "parameter",
      "description": "The AWS region set in aws-lambda-tools-defaults.json and used as the default region when interacting with AWS.",
      "datatype": "string",
      "replaces": "DefaultRegion",
      "defaultValue": ""
    }
  },
  "primaryOutputs": [
    {
      "path": "./src/BlueprintBaseName.1/BlueprintBaseName.1.csproj"
    }
  ]
}