{
  "$schema": "http://json.schemastore.org/template",
  "author": "AWS",
  "classifications": ["AWS", "Lambda", "Serverless"],
  "name": "Lambda Custom Runtime (ASP.NET Core 3.1)",
  "identity": "AWS.Lambda.Serverless.AspNetCore31WebAPI.CSharp",
  "groupIdentity": "AWS.Lambda.AspNetCore31WebAPI.Serverless",
  "shortName": "serverless.AspNetCore31WebAPI",
  "tags": {
    "language": "C#",
    "type": "project"
  },
  "sourceName": "BlueprintBaseName.1",
  "preferNameDirectory": true,
  "symbols": {
    "profile": {
      "type": "parameter",
      "description" : "The AWS credentials profile set in aws-lambda-tools-defaults.json and used as the default profile when interacting with AWS.",
      "datatype": "string",
      "replaces" : "DefaultProfile",
      "defaultValue": ""
    },
    "region": {
      "type": "parameter",
      "description" : "The AWS region set in aws-lambda-tools-defaults.json and used as the default region when interacting with AWS.",
      "datatype": "string",
      "replaces" : "DefaultRegion",
      "defaultValue": ""
    },
    "safe-sourcename": {
        "type": "generated",
        "generator": "coalesce",
        "parameters": {
            "sourceVariableName": "safe_namespace",
            "fallbackVariableName": "safe_name"
        },
        "replaces": "BlueprintBaseName._1"
    }
  },
  "primaryOutputs": [ { "path": "./src/BlueprintBaseName.1/BlueprintBaseName.1.csproj" } ]
}
