{
  "author": "AWS",
  "classifications": ["AWS", "Lambda", "Function"],
  "name": "Order Flowers Chatbot Tutorial",
  "identity": "AWS.Lambda.Function.OrderFlowersChatbot.CSharp",
  "groupIdentity": "AWS.Lambda.Function.OrderFlowersChatbot",  
  "shortName": "lambda.OrderFlowersChatbot",
  "tags": {
    "language": "C#",
    "type": "project"
  },
  "sourceName": "BlueprintBaseName",
  "preferNameDirectory": true,
  "symbols": {
    "profile": {
      "type": "parameter",
      "description" : "The AWS credentials profile set in aws-lambda-tools-defaults.json and used as the default profile when interacting with AWS.",
      "datatype": "string",
      "replaces" : "DefaultProfile",
      "defaultValue": ""
    },
    "region": {
      "type": "parameter",
      "description" : "The AWS region set in aws-lambda-tools-defaults.json and used as the default region when interacting with AWS.",
      "datatype": "string",
      "replaces" : "DefaultRegion",
      "defaultValue": ""
    }
  },
  "primaryOutputs": [ { "path": "./src/BlueprintBaseName/BlueprintBaseName.csproj" } ]
}
